City_ID,City,Country,Lat,Lng,Max Temp,Humidity,Cloudiness,Wind Speed,Current Description
0,Rikitea,PF,-23.1203,-134.9692,73.33,74,62,16.98,broken clouds
1,Chokurdakh,RU,70.6333,147.9167,6.19,97,100,2.68,overcast clouds
2,Lagoa,PT,39.05,-27.9833,62.78,68,21,22.39,light rain
3,Ribeira Grande,PT,38.5167,-28.7,61.77,72,88,3.0,overcast clouds
4,Maarianhamina,AX,60.0973,19.9348,51.66,100,100,6.91,overcast clouds
5,Kapaa,US,22.0752,-159.319,84.52,72,0,17.27,clear sky
6,Port Hardy,CA,50.6996,-127.4199,48.38,81,75,2.3,broken clouds
7,Redding,US,40.5865,-122.3917,72.63,27,0,4.61,clear sky
8,Waipawa,NZ,-41.4122,175.5153,60.53,59,59,15.19,broken clouds
9,Praia Da Vitoria,PT,38.7333,-27.0667,60.76,84,39,12.71,scattered clouds
10,Meridian,US,43.6121,-116.3915,53.82,50,0,5.75,clear sky
11,Tasiilaq,GL,65.6145,-37.6368,32.16,96,100,3.71,light snow
12,Ancud,CL,-41.8697,-73.8203,52.29,94,88,17.29,light rain
13,Hilo,US,19.7297,-155.09,81.25,84,100,8.05,haze
14,Geraldton,AU,-28.7667,114.6,54.01,87,2,3.44,clear sky
15,Buraydah,SA,26.326,43.975,73.96,16,3,9.1,clear sky
16,Ushuaia,AR,-54.8,-68.3,49.66,46,75,8.05,broken clouds
17,Atuona,PF,-9.8,-139.0333,77.49,67,2,18.07,clear sky
18,Alofi,NU,-19.0595,-169.9187,78.69,53,75,12.66,broken clouds
19,Petershagen,DE,52.3833,8.9667,50.56,93,46,5.75,scattered clouds
20,Mar Del Plata,AR,-38.0023,-57.5575,68.09,85,0,5.99,light rain
21,Luderitz,NA,-26.6481,15.1594,64.83,57,100,12.26,overcast clouds
22,Carnarvon,AU,-24.8667,113.6333,64.47,59,0,21.85,clear sky
23,Bluff,NZ,-46.6,168.3333,53.8,89,100,15.48,light rain
24,Nikolskoye,RU,59.7035,30.7861,35.49,92,100,7.58,snow
25,Punta Arenas,CL,-53.15,-70.9167,48.11,66,100,24.56,overcast clouds
26,Lebu,CL,-37.6167,-73.65,55.31,91,85,10.13,overcast clouds
27,Saint-Francois,FR,46.4154,3.9054,62.04,72,98,6.91,light rain
28,Albany,US,42.6001,-73.9662,67.39,91,89,3.0,overcast clouds
29,Narsaq,GL,60.9167,-46.05,26.82,71,0,7.23,clear sky
30,Porbandar,IN,21.6422,69.6093,77.14,66,0,5.7,clear sky
31,Mehamn,NO,71.0357,27.8492,31.95,86,100,6.91,overcast clouds
32,Kavieng,PG,-2.5744,150.7967,84.22,72,100,6.08,light rain
33,Saint-Ambroise,CA,48.5501,-71.3324,58.59,87,100,4.09,overcast clouds
34,Bethel,US,41.3712,-73.414,68.09,86,100,3.44,overcast clouds
35,Laguna,US,38.421,-121.4238,76.08,34,0,6.91,clear sky
36,Bara,NG,10.3744,10.7288,77.52,30,35,6.46,scattered clouds
37,Akdepe,TM,42.0551,59.3788,54.54,58,74,13.2,broken clouds
38,Busselton,AU,-33.65,115.3333,55.72,86,78,7.49,broken clouds
39,Cherskiy,RU,68.75,161.3,-3.68,91,58,6.44,broken clouds
40,Xuddur,SO,4.1213,43.8894,72.27,85,74,9.48,broken clouds
41,Pacific Grove,US,36.6177,-121.9166,70.56,72,0,10.36,clear sky
42,Airai,TL,-8.9266,125.4092,66.09,79,100,1.25,overcast clouds
43,Puerto Ayora,EC,-0.7393,-90.3518,67.55,92,83,4.0,broken clouds
44,Tara,RU,56.8944,74.371,32.23,98,100,5.48,light snow
45,Margate,GB,51.3813,1.3862,61.3,86,100,4.0,overcast clouds
46,Muzhi,RU,65.3667,64.6667,21.96,87,97,5.86,overcast clouds
47,Vaini,TO,-21.2,-175.2,71.76,83,75,6.91,broken clouds
48,Puerto Escondido,MX,15.85,-97.0667,85.03,58,75,9.22,broken clouds
49,Ostrovnoy,RU,68.0531,39.5131,31.06,89,91,17.92,overcast clouds
50,Dikson,RU,73.5069,80.5464,22.89,85,98,1.32,overcast clouds
51,Killybegs,IE,54.6333,-8.45,56.44,92,100,16.82,overcast clouds
52,Jamestown,US,42.097,-79.2353,62.06,59,100,6.91,overcast clouds
53,Hermanus,ZA,-34.4187,19.2345,59.81,77,100,12.5,overcast clouds
54,Cape Town,ZA,-33.9258,18.4232,63.12,76,41,11.01,scattered clouds
55,Phangnga,TH,8.4509,98.5298,77.04,93,100,2.55,overcast clouds
56,Hobart,AU,-42.8794,147.3294,56.26,97,75,19.57,mist
57,Siteki,SZ,-26.45,31.95,66.16,96,44,5.3,scattered clouds
58,Qaanaaq,GL,77.484,-69.3632,21.92,96,100,2.26,light snow
59,Rio Grande,BR,-32.035,-52.0986,66.31,86,0,17.31,clear sky
60,Sarakhs,IR,36.5449,61.1577,63.43,51,97,6.08,overcast clouds
61,Zlynka,RU,52.4267,31.7378,52.63,99,100,3.36,light rain
62,Mataura,NZ,-46.1927,168.8643,53.47,71,100,4.5,light rain
63,Barcelos,PT,41.5388,-8.6151,64.92,91,39,13.29,light rain
64,Viedma,AR,-40.8135,-62.9967,62.62,79,99,16.11,overcast clouds
65,Tuktoyaktuk,CA,69.4541,-133.0374,11.21,93,63,7.18,broken clouds
66,Husavik,IS,66.0449,-17.3389,35.8,88,100,7.14,overcast clouds
67,Yasnyy,RU,51.0333,59.8742,35.58,98,100,13.82,light rain
68,Hami,CN,42.8,93.45,50.05,39,100,2.46,overcast clouds
69,Lorengau,PG,-2.0226,147.2712,85.44,62,100,5.06,overcast clouds
70,Katsuura,JP,35.1333,140.3,55.42,73,80,24.45,broken clouds
71,Tazovskiy,RU,67.4667,78.7,15.84,90,78,12.8,broken clouds
72,Acapulco,MX,16.8634,-99.8901,84.02,79,20,12.66,light rain
73,Kumylzhenskaya,RU,49.8809,42.5898,43.12,66,90,5.37,overcast clouds
74,Coquimbo,CL,-29.9533,-71.3436,58.35,74,1,3.71,clear sky
75,Khatanga,RU,71.9667,102.5,1.35,99,87,6.33,overcast clouds
76,Manakara,MG,-22.1333,48.0167,73.49,79,90,10.6,overcast clouds
77,Vaitape,PF,-16.5167,-151.75,79.63,77,100,23.58,light rain
78,Port Alfred,ZA,-33.5906,26.891,60.19,91,99,4.0,overcast clouds
79,Nkowakowa,ZA,-23.8878,30.2871,78.35,44,34,3.36,scattered clouds
80,Bambous Virieux,MU,-20.3428,57.7575,72.21,79,9,12.88,light rain
81,Lompoc,US,34.6391,-120.4579,78.01,66,0,25.32,clear sky
82,New Norfolk,AU,-42.7826,147.0587,55.9,84,100,4.0,overcast clouds
83,Ilulissat,GL,69.2167,-51.1,26.62,93,100,4.61,light snow
84,Taywarah,AF,33.35,64.4167,39.16,50,7,2.68,clear sky
85,Kishi,NG,9.0833,3.85,73.74,89,98,5.28,overcast clouds
86,Chuy,UY,-33.6971,-53.4616,59.36,84,11,11.43,few clouds
87,Kununurra,AU,-15.7667,128.7333,85.98,79,10,0.0,clear sky
88,Norman Wells,CA,65.282,-126.8329,19.44,93,75,4.61,broken clouds
89,Mayo,US,38.8876,-76.5119,62.2,94,100,0.0,mist
90,San Patricio,US,28.017,-97.5169,77.09,23,0,6.64,clear sky
91,Komsomolskiy,UZ,40.4272,71.7189,56.12,76,40,6.91,scattered clouds
92,East London,ZA,-33.0153,27.9116,64.02,69,100,10.09,overcast clouds
93,Malpe,IN,13.35,74.7167,74.5,81,4,4.25,clear sky
94,Kodiak,US,57.79,-152.4072,45.91,76,75,0.0,broken clouds
95,Nabire,ID,-3.3667,135.4833,80.73,77,100,2.15,overcast clouds
96,Vibo Valentia,IT,38.6996,16.1274,55.99,70,33,1.57,scattered clouds
97,Hudson Bay,CA,52.85,-102.3842,30.02,81,100,5.37,overcast clouds
98,Sur,OM,22.5667,59.5289,79.65,48,0,8.01,clear sky
99,Lexington,US,37.9887,-84.4777,74.12,47,20,11.5,few clouds
100,San Rafael,AR,-34.6177,-68.3301,68.59,56,100,11.5,moderate rain
101,Totma,RU,59.9747,42.7642,28.67,95,9,3.27,clear sky
102,Banjar,ID,-8.19,114.9675,78.78,87,83,6.46,broken clouds
103,Ust-Kalmanka,RU,52.1207,83.305,31.57,42,0,3.44,clear sky
104,Avarua,CK,-21.2078,-159.775,77.05,57,100,6.91,overcast clouds
105,Ponta Do Sol,PT,32.6667,-17.1,73.0,89,53,5.91,light rain
106,Nanortalik,GL,60.1432,-45.2371,33.4,76,1,3.87,clear sky
107,Aitape,PG,-3.1374,142.3475,82.06,79,100,2.73,overcast clouds
108,Bredasdorp,ZA,-34.5322,20.0403,60.78,74,100,7.85,overcast clouds
109,Lakes Entrance,AU,-37.8811,147.981,58.15,94,100,2.3,light rain
110,Samarai,PG,-10.6167,150.6667,82.42,68,15,8.23,few clouds
111,Pithiviers,FR,48.1667,2.25,61.95,76,100,9.28,overcast clouds
112,Barrow,US,71.2906,-156.7887,19.42,93,100,21.85,overcast clouds
113,Longyearbyen,SJ,78.2186,15.6401,12.04,73,20,11.5,few clouds
114,Nanzhang,CN,31.7765,111.8386,56.19,93,100,1.12,overcast clouds
115,Namibe,AO,-15.1961,12.1522,68.4,86,37,6.89,scattered clouds
116,Navsari,IN,20.9524,72.9324,73.24,64,0,3.51,clear sky
117,Balabac,PH,7.9868,117.0645,80.58,82,90,6.26,overcast clouds
118,Paamiut,GL,61.994,-49.6678,30.72,60,39,5.23,scattered clouds
119,Pisco,PE,-13.7,-76.2167,60.03,86,5,8.34,clear sky
120,Hofn,IS,64.2539,-15.2082,42.31,83,100,17.76,overcast clouds
121,Dingle,PH,10.9995,122.6711,78.01,91,100,5.17,overcast clouds
122,Iqaluit,CA,63.7506,-68.5145,24.53,85,100,26.46,light snow
123,Hanyang,CN,32.1371,105.5126,54.95,93,100,2.64,overcast clouds
124,Port Elizabeth,ZA,-33.918,25.5701,61.11,83,97,7.63,light rain
125,Korla,CN,41.7597,86.1469,47.1,43,0,2.1,clear sky
126,Muniz Freire,BR,-20.4642,-41.4131,64.44,98,39,3.06,scattered clouds
127,Half Moon Bay,US,37.4636,-122.4286,72.57,60,0,20.71,haze
128,Lavrentiya,RU,65.5833,-171.0,27.28,74,90,13.0,overcast clouds
129,Richards Bay,ZA,-28.783,32.0377,70.63,84,80,18.92,broken clouds
130,Arman,RU,59.7,150.1667,26.02,85,69,5.01,broken clouds
131,Yuli,NG,9.6989,10.2744,79.2,58,70,3.44,broken clouds
132,Sao Joao Da Barra,BR,-21.6403,-41.0511,71.69,87,46,10.27,scattered clouds
133,Lazarev,RU,52.225,141.5131,39.74,62,74,7.45,broken clouds
134,Pontianak,ID,-0.0333,109.3333,75.18,94,40,3.44,scattered clouds
135,Koslan,RU,63.4564,48.8989,32.13,82,96,6.49,overcast clouds
136,Iquique,CL,-20.2208,-70.1431,62.64,78,8,7.18,clear sky
137,Cockburn Town,TC,21.4612,-71.1419,80.35,71,100,4.14,light rain
138,Port-Gentil,GA,-0.7193,8.7815,78.76,94,40,10.36,thunderstorm
139,Celestun,MX,20.8667,-90.4,81.55,81,93,12.1,overcast clouds
140,Teya,RU,60.3778,92.6267,29.07,78,100,13.8,overcast clouds
141,Roald,NO,62.5833,6.1333,54.16,93,100,5.75,light rain
142,Srivardhan,IN,18.0333,73.0167,72.45,73,0,5.99,clear sky
143,Ikovka,RU,55.6089,64.9375,31.44,78,100,6.22,overcast clouds
144,Auki,SB,-8.7676,160.7034,84.69,68,45,4.97,scattered clouds
145,La Ronge,CA,55.1001,-105.2842,32.77,61,100,0.74,overcast clouds
146,Ron Phibun,TH,8.1791,99.8542,76.1,92,100,1.63,overcast clouds
147,Butaritari,KI,3.0707,172.7902,81.52,75,61,3.74,light rain
148,Na Klang,TH,17.3072,102.1889,70.52,86,75,2.33,broken clouds
149,Kushima,JP,31.4583,131.2333,60.51,69,7,8.28,clear sky
150,Hereford,GB,52.0568,-2.7148,60.03,91,100,1.99,moderate rain
151,Mlawa,PL,53.1128,20.3841,51.84,91,61,6.17,broken clouds
152,Raga,SS,8.4596,25.678,71.1,57,43,1.63,scattered clouds
153,Yellowknife,CA,62.456,-114.3525,23.56,85,90,11.01,overcast clouds
154,Codrington,AU,-38.2667,141.9667,58.78,94,99,11.88,overcast clouds
155,Bonthe,SL,7.5264,-12.505,78.57,85,31,5.21,scattered clouds
156,Denpasar,ID,-8.65,115.2167,76.71,94,40,4.61,scattered clouds
157,Pronsk,RU,54.1048,39.6092,32.81,87,29,6.64,scattered clouds
158,Marawi,PH,7.9986,124.2928,71.28,91,77,0.72,broken clouds
159,Kysyl-Syr,RU,63.8986,122.7617,22.84,96,96,7.07,overcast clouds
160,Meulaboh,ID,4.1363,96.1285,76.3,89,100,4.14,overcast clouds
161,Nata,PA,8.3333,-80.5167,80.47,87,100,5.19,moderate rain
162,Palana,RU,59.1167,159.9667,30.27,95,100,36.6,snow
163,Davila,PH,18.4726,120.5763,78.78,78,100,24.05,overcast clouds
164,Motygino,RU,58.1831,94.7592,27.54,77,64,5.3,broken clouds
165,Sao Filipe,CV,14.8961,-24.4956,78.53,79,87,7.96,overcast clouds
166,Valpacos,PT,41.6075,-7.3109,57.54,87,50,5.41,scattered clouds
167,Svetlogorsk,BY,52.6333,29.7333,51.17,98,100,6.26,overcast clouds
168,Sederot,IL,31.525,34.5969,76.3,56,0,5.73,clear sky
169,Kahului,US,20.8947,-156.47,89.62,62,20,24.16,few clouds
170,Formosa Do Rio Preto,BR,-11.0483,-45.1931,72.45,82,100,2.73,overcast clouds
171,Rundu,NA,-17.9333,19.7667,76.14,46,90,7.0,light rain
172,Georgetown,MY,5.4112,100.3354,78.24,90,40,2.3,scattered clouds
173,Homer,US,59.6425,-151.5483,39.79,80,100,5.99,light rain
174,Bud,US,39.447,-86.1758,63.97,95,100,12.93,heavy intensity rain
175,Santa Lucia,ES,27.9117,-15.5407,65.52,78,20,9.22,few clouds
176,Thompson,CA,55.7435,-97.8558,25.41,96,100,8.72,snow
177,Balsas,BR,-7.5325,-46.0356,73.54,89,100,9.35,overcast clouds
178,Aripuana,BR,-9.1667,-60.6333,72.48,95,100,1.66,overcast clouds
179,Altay,CN,47.8667,88.1167,36.27,48,100,3.4,overcast clouds
180,Mombaca,BR,-5.7431,-39.6275,82.85,53,48,5.06,scattered clouds
181,Kronshagen,DE,54.3433,10.0994,52.86,100,20,5.75,few clouds
182,Buenos Aires,AR,-34.6132,-58.3772,73.0,78,0,16.11,light rain
183,Calatayud,ES,41.3535,-1.6432,62.24,56,87,5.08,overcast clouds
184,Boa Vista,BR,2.8197,-60.6733,76.98,88,75,4.61,broken clouds
185,Fortuna,US,40.5982,-124.1573,57.65,81,0,13.8,clear sky
186,Vestmanna,FO,62.1564,-7.1664,47.32,100,100,4.61,fog
187,Neepawa,CA,50.2289,-99.4664,32.61,68,97,11.81,overcast clouds
188,Marsh Harbour,BS,26.5412,-77.0636,78.69,70,6,9.53,clear sky
189,Wielun,PL,51.221,18.5696,50.92,91,7,7.31,clear sky
190,Simplicio Mendes,BR,-7.8539,-41.9103,73.06,92,90,4.68,overcast clouds
191,Peniche,PT,39.3558,-9.3811,66.29,92,0,14.83,clear sky
192,Lengshuitan,CN,26.4111,111.5956,63.88,48,22,1.14,few clouds
193,Bathsheba,BB,13.2167,-59.5167,83.01,83,40,20.71,scattered clouds
194,Severo-Kurilsk,RU,50.6789,156.125,40.03,64,2,7.45,clear sky
195,Gazanjyk,TM,39.2446,55.5154,54.82,68,0,3.27,clear sky
196,Fairbanks,US,64.8378,-147.7164,24.76,77,0,14.97,clear sky
197,Sri Aman,MY,1.2376,111.4621,73.89,99,99,2.1,overcast clouds
198,Mahibadhoo,MV,3.7833,72.9667,81.32,80,99,12.3,overcast clouds
199,Jumla,NP,29.2747,82.1838,41.61,57,0,5.21,clear sky
200,Itacoatiara,BR,-3.1431,-58.4442,81.45,72,100,2.93,overcast clouds
201,Iracoubo,GF,5.4802,-53.2011,80.4,80,99,8.93,overcast clouds
202,Inhambane,MZ,-23.865,35.3833,75.85,89,1,11.27,clear sky
203,Puerto Carreno,CO,6.189,-67.4859,83.48,68,86,2.64,overcast clouds
204,Damghan,IR,36.1683,54.348,53.67,63,0,1.16,clear sky
205,Lunenburg,CA,44.3835,-64.3155,63.48,99,99,4.47,overcast clouds
206,Hamilton,US,39.1834,-84.5333,75.15,53,40,12.66,scattered clouds
207,Abeche,TD,13.8292,20.8324,78.06,16,1,12.53,clear sky
208,Hasaki,JP,35.7333,140.8333,54.0,64,100,29.66,overcast clouds
209,Yate,GB,51.5407,-2.4184,61.3,89,100,5.01,overcast clouds
210,Semey,KZ,50.4111,80.2275,21.42,79,0,6.71,clear sky
211,Buta,CD,2.7858,24.73,68.45,99,100,0.87,light rain
212,Faya,SA,18.3851,42.4509,57.72,73,18,3.83,few clouds
213,Amahai,ID,-3.3333,128.9167,81.72,79,91,1.21,overcast clouds
214,Udachnyy,RU,66.4167,112.4,6.39,95,27,7.02,scattered clouds
215,Kavaratti,IN,10.5669,72.642,81.91,61,88,8.81,overcast clouds
216,Verkhnevilyuysk,RU,63.4453,120.3167,22.8,93,92,8.05,overcast clouds
217,Broome,US,42.2506,-75.833,67.32,82,20,5.75,few clouds
218,Saint-Pierre,RE,-21.3393,55.4781,70.92,73,0,5.75,clear sky
219,Ugoofaaru,MV,5.6667,73.0,80.29,82,87,6.58,overcast clouds
220,Neiafu,TO,-18.65,-173.9833,77.68,61,75,8.05,broken clouds
221,Yerbogachen,RU,61.2767,108.0108,27.5,94,100,10.47,light snow
222,Upernavik,GL,72.7868,-56.1549,22.91,94,100,9.8,light snow
223,Trat,TH,12.5,102.5,80.87,91,91,5.14,overcast clouds
224,Saint-Philippe,RE,-21.3585,55.7679,69.39,79,38,13.71,scattered clouds
225,Esil,KZ,51.9556,66.4042,33.12,74,100,5.55,overcast clouds
226,Castro,BR,-24.7911,-50.0119,60.96,88,0,6.69,clear sky
227,Connersville,US,39.6412,-85.1411,71.62,59,100,4.0,overcast clouds
228,Marienburg,PL,54.0359,19.0266,51.89,92,72,7.99,broken clouds
229,Mokhsogollokh,RU,61.4681,128.9203,23.83,93,97,7.67,overcast clouds
230,Barranca,PE,-10.75,-77.7667,62.13,79,35,9.15,scattered clouds
231,Nsanje,MW,-16.92,35.262,78.42,54,2,3.18,clear sky
232,Cayenne,GF,4.9333,-52.3333,80.64,83,0,3.44,clear sky
233,Ust-Omchug,RU,61.15,149.6333,3.31,96,64,3.53,broken clouds
234,Arraial Do Cabo,BR,-22.9661,-42.0278,71.33,81,7,10.27,clear sky
235,Bandarbeyla,SO,9.4942,50.8122,76.87,78,25,1.07,scattered clouds
236,Marzuq,YE,14.4,46.4667,65.61,58,6,1.86,clear sky
237,Hay River,CA,60.8156,-115.7999,30.9,93,100,11.16,light snow
238,Puerto Narino,CO,-3.7703,-70.3831,76.37,92,100,1.86,overcast clouds
239,Lensk,RU,60.7253,114.9278,29.07,85,99,9.55,overcast clouds
240,Rawson,AR,-43.3002,-65.1023,58.15,55,100,15.32,overcast clouds
241,Portland,US,45.5234,-122.6762,54.75,89,100,12.66,overcast clouds
242,Filadelfia,US,39.9523,-75.1638,69.03,91,100,1.01,overcast clouds
243,Vangaindrano,MG,-23.35,47.6,70.38,91,36,7.54,scattered clouds
244,Sitka,US,57.0531,-135.33,46.29,66,100,4.61,overcast clouds
245,Never,FR,46.9896,3.159,64.15,82,98,7.16,light rain
246,Marabba,SD,12.35,32.1833,82.31,19,10,10.92,clear sky
247,Batagay-Alyta,RU,67.8006,130.4114,14.52,70,100,7.14,overcast clouds
248,Saint Anthony,US,45.0205,-93.218,49.53,61,0,11.5,clear sky
249,Coruripe,BR,-10.1256,-36.1756,77.11,84,19,14.61,few clouds
250,Kantabanji,IN,20.4833,82.9167,65.97,77,0,0.31,clear sky
251,Mosquera,CO,4.7059,-74.2302,59.09,88,75,9.22,broken clouds
252,Faanui,PF,-16.4833,-151.75,79.65,77,100,23.6,light rain
253,Vao,NC,-22.6667,167.4833,71.65,79,100,13.87,overcast clouds
254,Taoudenni,ML,22.6783,-3.9836,81.19,13,69,10.51,broken clouds
255,Kruisfontein,ZA,-34.0033,24.7314,58.89,77,100,9.95,overcast clouds
256,Naryan-Mar,RU,67.6713,53.087,23.97,87,74,8.14,broken clouds
257,Yubari,JP,43.0378,141.9578,30.7,64,0,2.24,clear sky
258,Alyangula,AU,-13.8483,136.4192,84.29,72,28,15.43,scattered clouds
259,Urusha,RU,54.05,122.9,18.99,78,4,2.86,clear sky
260,Rafai,CF,4.95,23.9167,66.99,98,100,1.1,light rain
261,Melo,UY,-32.3667,-54.1833,62.04,77,7,13.4,clear sky
262,Karasjok,NO,69.4719,25.5112,30.27,97,100,3.85,overcast clouds
263,Gat,IL,31.61,34.7642,77.68,39,0,4.88,clear sky
264,Campoverde,PE,-8.4753,-74.8058,84.15,59,100,0.83,overcast clouds
265,Kloulklubed,PW,7.0419,134.2556,81.1,78,100,21.16,light rain
266,Port Hedland,AU,-20.3167,118.5667,68.05,64,0,6.91,clear sky
267,Kampot,KH,10.6167,104.1833,77.05,89,100,2.66,overcast clouds
268,Maragogi,BR,-9.0122,-35.2225,77.16,80,52,11.05,broken clouds
269,Yar-Sale,RU,66.8333,70.8333,18.95,95,97,8.79,overcast clouds
270,Kautokeino,NO,69.0125,23.0412,29.53,98,100,3.0,overcast clouds
271,Benjamin Constant,BR,-4.3831,-70.0311,80.73,83,40,3.44,scattered clouds
272,Bilibino,RU,68.0546,166.4372,-9.71,97,14,2.86,few clouds
273,Porto Novo,BJ,6.4965,2.6036,78.64,85,95,5.1,overcast clouds
274,Tecoanapa,MX,16.5167,-98.75,83.5,77,76,8.79,broken clouds
275,Matara,LK,5.9485,80.5353,75.76,88,100,3.4,overcast clouds
276,Grindavik,IS,63.8424,-22.4338,43.27,87,75,12.66,light rain
277,Ihosy,MG,-22.4,46.1167,69.03,77,66,2.13,broken clouds
278,Eirunepe,BR,-6.6603,-69.8736,80.53,73,98,2.28,overcast clouds
279,Traverse City,US,44.7631,-85.6206,57.27,93,100,3.44,heavy intensity rain
280,Ishigaki,JP,24.3448,124.1572,74.88,66,93,20.11,overcast clouds
281,Sinop,TR,41.7711,34.8709,53.94,60,40,9.13,scattered clouds
282,Flinders,AU,-34.5833,150.8552,73.06,78,59,1.99,broken clouds
283,Sirnak,TR,37.5228,42.4594,46.47,34,0,3.96,clear sky
284,Cabo San Lucas,MX,22.8909,-109.9124,86.61,50,0,10.36,clear sky
285,Dawei,MM,14.0833,98.2,74.7,91,100,3.47,overcast clouds
286,Turukhansk,RU,65.8167,87.9833,30.04,98,100,13.71,light snow
287,Byron Bay,AU,-28.65,153.6167,82.36,51,37,5.95,scattered clouds
288,Kostomuksha,RU,64.571,30.5767,28.54,94,100,4.79,overcast clouds
289,Saint George,US,37.1041,-113.5841,66.43,24,0,1.99,clear sky
290,Wuchi,CN,29.3786,103.023,47.64,99,100,1.99,overcast clouds
291,Tinaquillo,VE,9.9186,-68.3047,76.71,79,98,2.1,overcast clouds
292,Ketchikan,US,55.3422,-131.6461,45.07,76,40,9.22,scattered clouds
293,Gao,ML,16.6362,1.637,82.89,21,13,9.31,few clouds
294,North Bend,US,43.4065,-124.2243,58.91,80,0,12.66,clear sky
295,Akusha,RU,42.2688,47.3411,37.26,68,28,3.0,scattered clouds
296,Pionerskiy,RU,54.9508,20.2275,53.74,86,89,17.69,overcast clouds
297,Kashan,IR,33.9831,51.4364,65.68,40,95,5.48,overcast clouds
298,Sawtell,AU,-30.3833,153.1,75.22,60,43,4.61,scattered clouds
299,Buala,SB,-8.145,159.5921,85.08,69,49,4.07,scattered clouds
300,Tocopilla,CL,-22.092,-70.1979,62.74,72,17,11.14,few clouds
301,Amapa,BR,1.0,-52.0,81.97,63,100,5.48,overcast clouds
302,Sambava,MG,-14.2667,50.1667,68.58,90,6,7.31,clear sky
303,Bilma,NE,18.6853,12.9164,71.42,14,0,4.54,clear sky
304,Sault Sainte Marie,CA,46.5168,-84.3333,55.69,100,100,5.75,moderate rain
305,Lashio,MM,22.9333,97.75,66.56,99,100,1.1,overcast clouds
306,Goundam,ML,16.4145,-3.6708,87.73,15,100,9.1,overcast clouds
307,Plouzane,FR,48.3833,-4.6167,61.12,94,100,21.85,overcast clouds
308,Walvis Bay,NA,-22.9575,14.5053,60.1,92,100,2.28,overcast clouds
309,Shingu,JP,33.7333,135.9833,56.14,57,0,4.14,clear sky
310,Vredendal,ZA,-31.6683,18.5012,56.88,82,100,2.53,overcast clouds
311,Goderich,CA,43.7501,-81.7165,64.9,62,96,16.44,overcast clouds
312,Beringovskiy,RU,63.05,179.3167,21.31,76,94,9.98,overcast clouds
313,Qesarya,IL,32.5189,34.9046,78.35,53,14,9.57,few clouds
314,Maniitsoq,GL,65.4167,-52.9,27.52,76,83,6.51,broken clouds
315,Maralal,KE,1.0968,36.698,61.61,71,73,10.16,broken clouds
316,Chinchani,IN,19.8667,72.7,74.62,61,0,3.96,clear sky
317,Tura,IN,25.5198,90.2201,64.02,97,42,2.89,scattered clouds
318,Svetlaya,RU,46.5389,138.3297,42.24,44,26,3.89,scattered clouds
319,Iwanai,JP,42.9744,140.5089,44.06,65,1,4.52,clear sky
320,Alekseyevka,RU,50.6309,38.6903,48.51,92,100,6.96,overcast clouds
321,Cairns,AU,-16.9167,145.7667,90.1,65,0,3.44,clear sky
322,Sibolga,ID,1.7427,98.7792,75.09,89,98,2.95,overcast clouds
323,Hambantota,LK,6.1241,81.1185,76.12,87,100,5.88,light rain
324,Kilinochchi,LK,9.3961,80.3982,76.19,84,67,5.03,broken clouds
325,Kefamenanu,ID,-9.4467,124.4781,76.87,80,95,1.1,overcast clouds
326,Sinegorye,RU,62.0788,150.477,10.65,75,3,8.7,clear sky
327,Saldanha,ZA,-33.0117,17.9442,59.43,89,15,15.01,few clouds
328,Bengkulu,ID,-3.8004,102.2655,74.05,93,100,5.59,overcast clouds
329,Namatanai,PG,-3.6667,152.4333,85.17,66,88,5.5,overcast clouds
330,Tukrah,LY,32.5341,20.5791,70.11,81,0,6.8,clear sky
331,Pitimbu,BR,-7.4706,-34.8086,77.59,75,88,13.27,overcast clouds
332,Ayan,RU,56.45,138.1667,34.56,56,100,7.34,overcast clouds
333,Klaksvik,FO,62.2266,-6.589,49.12,91,100,10.96,light rain
334,Alagir,RU,43.0422,44.2222,36.14,72,58,1.7,broken clouds
335,Atbasar,KZ,51.8,68.3333,37.54,52,100,4.63,overcast clouds
336,West Bay,KY,19.3667,-81.4167,84.27,74,20,6.91,few clouds
337,Talnakh,RU,69.4865,88.3972,7.05,97,95,2.3,overcast clouds
338,Henties Bay,NA,-22.116,14.2845,57.52,95,82,2.13,broken clouds
339,Ngaoundere,CM,7.3167,13.5833,65.12,83,26,1.99,scattered clouds
340,Concordia,AR,-31.393,-58.0209,68.18,66,75,9.28,broken clouds
341,Saravan,AM,39.7196,45.6483,41.61,56,0,4.03,clear sky
342,Dicabisagan,PH,17.0818,122.4157,76.8,85,100,11.9,overcast clouds
343,Tigil,RU,57.8,158.6667,33.08,84,100,24.45,overcast clouds
344,Te Anau,NZ,-45.4167,167.7167,51.82,91,100,4.63,overcast clouds
345,Dolores,AR,-36.3132,-57.6792,61.57,75,100,10.36,moderate rain
346,Salalah,OM,17.0151,54.0924,75.29,64,0,3.44,clear sky
347,Bollnas,SE,61.3482,16.3946,43.34,97,100,5.12,overcast clouds
348,Poum,NC,-20.2333,164.0167,77.27,76,9,8.99,clear sky
349,Belaya Gora,RU,68.5333,146.4167,13.93,95,100,6.87,light snow
350,Esperance,AU,-33.8667,121.9,59.77,69,19,9.57,few clouds
351,Isangel,VU,-19.55,169.2667,80.71,78,75,6.91,broken clouds
352,Sorland,NO,67.667,12.6934,44.46,65,100,0.69,overcast clouds
353,Bajram Curri,AL,42.3554,20.0784,62.28,53,12,2.62,few clouds
354,Sinnamary,GF,5.3833,-52.95,80.44,80,96,9.28,overcast clouds
355,Provideniya,RU,64.3833,-173.3,28.51,59,100,15.66,overcast clouds
356,Gwanda,ZW,-20.9333,29.0,77.02,42,2,5.79,clear sky
357,Batemans Bay,AU,-35.7167,150.1833,66.09,52,5,2.37,clear sky
358,Mount Gambier,AU,-37.8333,140.7667,58.91,94,100,9.22,overcast clouds
359,Tramore,IE,52.1624,-7.1524,58.73,85,97,20.0,overcast clouds
360,Alaca,TR,40.1683,34.8425,51.08,51,57,1.19,broken clouds
361,Paramonga,PE,-10.6667,-77.8333,62.71,81,34,9.51,scattered clouds
362,Souillac,MU,-20.5167,57.5167,70.88,83,5,9.62,clear sky
363,Sechura,PE,-5.5569,-80.8222,69.39,64,75,18.12,broken clouds
364,Amangarh,PK,34.0058,71.93,67.96,34,0,0.16,clear sky
365,Los Palacios,CU,22.5872,-83.2486,75.06,77,76,2.8,broken clouds
366,Asau,RO,46.4333,26.4,52.72,92,91,3.29,overcast clouds
367,Omboue,GA,-1.5746,9.2618,76.78,89,97,3.4,overcast clouds
368,Mbandaka,CD,0.0487,18.2603,70.25,96,98,2.08,overcast clouds
369,San Vicente,AR,-26.6167,-54.1333,65.61,82,0,2.33,clear sky
370,Tabou,CI,4.423,-7.3528,77.25,90,59,7.52,moderate rain
371,Broken Hill,AU,-31.95,141.4333,66.63,52,86,2.84,overcast clouds
372,Adrar,MR,20.5022,-10.0711,79.72,15,95,9.4,overcast clouds
373,Fatezh,RU,52.0891,35.8632,46.38,96,100,13.09,light rain
374,Smithers,CA,54.7804,-127.1743,35.92,93,100,9.22,overcast clouds
375,Humberto De Campos,BR,-2.5983,-43.4611,78.53,75,97,8.32,overcast clouds
376,Cidreira,BR,-30.1811,-50.2056,66.13,81,0,20.38,clear sky
377,Constitucion,CL,-35.3333,-72.4167,55.33,93,74,4.18,broken clouds
378,Jalu,LY,29.0331,21.5482,67.51,81,0,8.61,clear sky
379,Haines Junction,CA,60.7522,-137.5108,28.17,52,6,3.33,clear sky
380,Vung Tau,VN,10.346,107.0843,80.24,84,98,4.5,overcast clouds
381,Madimba,TZ,-10.4,40.3333,72.05,88,15,6.35,few clouds
382,Maceio,BR,-9.6658,-35.7353,76.44,88,0,9.22,clear sky
383,Zharkent,KZ,44.1628,80.0,44.53,65,79,4.5,broken clouds
384,Dori,BF,14.0354,-0.0345,86.9,20,4,8.46,clear sky
385,Labuhan,ID,-6.8844,112.2051,78.19,80,89,11.61,overcast clouds
386,Rosarito,MX,32.3333,-117.0333,77.41,50,0,9.95,clear sky
387,Bantou,CN,26.2151,117.4893,57.85,75,41,2.64,scattered clouds
388,Castillo De Teayo,MX,20.75,-97.6167,70.25,78,97,8.59,overcast clouds
389,Vestmannaeyjar,IS,63.4427,-20.2734,45.25,84,100,31.25,overcast clouds
390,Virginia Beach,US,36.8529,-75.978,63.01,95,100,5.75,overcast clouds
391,Kaspiyskiy,RU,45.3929,47.3707,45.46,66,2,6.13,clear sky
392,Coihaique,CL,-45.5752,-72.0662,55.35,58,75,6.91,broken clouds
393,Lusambo,CD,-4.9667,23.45,70.52,98,98,1.83,light rain
394,Chara,RU,56.9064,118.2631,16.56,69,29,3.15,scattered clouds
395,Kieta,PG,-6.2167,155.6333,85.15,69,88,3.09,overcast clouds
396,Kaeo,NZ,-35.1,173.7833,63.43,61,63,9.89,broken clouds
397,Aklavik,CA,68.2191,-135.0107,7.32,97,85,5.41,overcast clouds
398,Ust-Barguzin,RU,53.45,108.9833,25.5,69,24,3.6,few clouds
399,Hithadhoo,MV,-0.6,73.0833,82.38,72,36,12.19,scattered clouds
400,Saskylakh,RU,71.9167,114.0833,-6.7,100,68,4.07,broken clouds
401,Vigrestad,NO,58.5667,5.7,52.25,91,82,1.5,broken clouds
402,Nouadhibou,MR,20.931,-17.0347,70.7,82,2,14.63,clear sky
403,Maneromango,TZ,-7.1988,38.7848,65.41,98,45,0.63,scattered clouds
404,Hurghada,EG,27.2574,33.8129,74.07,63,0,4.38,clear sky
405,Kaitangata,NZ,-46.2817,169.8464,56.66,58,100,5.3,light rain
406,Nyurba,RU,63.2842,118.3319,22.98,92,66,8.68,broken clouds
407,Xam Nua,LA,20.4197,104.0439,60.98,99,95,2.04,overcast clouds
408,Cabedelo,BR,-6.9811,-34.8339,77.67,74,80,11.81,broken clouds
409,Biaora,IN,23.8667,76.9167,65.61,49,0,4.9,clear sky
410,Bayeux,BR,-7.125,-34.9322,77.63,83,20,5.75,few clouds
411,Hovd,MN,48.0056,91.6419,25.63,55,100,1.63,overcast clouds
412,Ballina,AU,-28.8667,153.5667,82.44,64,47,7.43,scattered clouds
413,Zhigansk,RU,66.7697,123.3711,0.32,97,79,6.08,broken clouds
414,Tiksi,RU,71.6872,128.8694,18.52,91,100,13.0,overcast clouds
415,Warin Chamrap,TH,15.1932,104.8628,72.05,96,85,5.68,overcast clouds
416,Kampong Thum,KH,12.7111,104.8887,74.64,95,98,5.35,overcast clouds
417,Glace Bay,CA,46.1969,-59.957,58.57,95,100,5.75,mist
418,Rodos,GR,36.4408,28.2225,64.06,88,0,0.0,clear sky
419,Wabag,PG,-5.4781,143.7021,65.12,72,87,2.35,overcast clouds
420,Umm Lajj,SA,25.0213,37.2685,78.22,61,0,6.31,clear sky
421,Guayaramerin,BO,-10.8368,-65.3614,81.81,65,93,1.63,overcast clouds
422,Anadyr,RU,64.75,177.4833,9.1,92,75,8.01,fog
423,Soto La Marina,MX,23.7667,-98.2167,76.77,42,79,3.18,broken clouds
424,Tirumullaivasal,IN,11.2333,79.8333,78.28,67,35,7.4,scattered clouds
425,Muisne,EC,0.6,-80.0333,75.07,81,100,9.86,overcast clouds
426,Fort Nelson,CA,58.8053,-122.7002,24.94,83,72,3.0,broken clouds
427,Cornwall,CA,45.0181,-74.7281,68.99,82,75,0.0,broken clouds
428,Nogliki,RU,51.8333,143.1667,37.69,73,17,10.83,few clouds
429,Wichita Falls,US,33.9137,-98.4934,69.42,30,0,8.05,clear sky
430,Jizan,SA,17.3333,42.6667,84.69,71,0,2.01,clear sky
431,Kidal,ML,18.4411,1.4078,81.39,21,81,11.95,broken clouds
432,Ilula,TZ,-7.6766,36.0366,61.95,71,95,4.74,overcast clouds
433,Kamenka,RU,51.3223,42.7678,34.52,67,33,5.95,scattered clouds
434,Poitiers,FR,46.5833,0.3333,63.25,94,0,5.75,clear sky
435,Tekari,IN,24.9333,84.8333,62.82,64,0,5.12,clear sky
436,San Cristobal,VE,7.7669,-72.225,71.78,86,99,0.76,overcast clouds
437,Espanola,US,35.9911,-106.0806,62.01,27,0,4.47,clear sky
438,Sturgeon Falls,CA,46.3646,-79.9326,63.05,79,87,6.29,overcast clouds
439,Guerrero Negro,MX,27.9769,-114.0611,74.59,37,0,13.13,clear sky
440,Hualmay,PE,-11.0964,-77.6139,63.28,79,26,10.8,scattered clouds
441,Dombarovskiy,RU,50.7587,59.5386,36.7,97,100,15.5,overcast clouds
442,Vila Franca Do Campo,PT,37.7167,-25.4333,64.81,69,100,10.56,overcast clouds
443,Santa Fe,AR,-31.6333,-60.7,80.02,53,95,8.01,overcast clouds
444,Bronnoysund,NO,65.4625,12.1997,48.2,81,100,11.99,overcast clouds
445,Macaracas,PA,7.7333,-80.55,78.51,99,99,6.06,light rain
446,Manzhouli,CN,49.6,117.4333,25.03,55,30,10.98,scattered clouds
447,Galveston,US,29.3669,-94.9669,74.08,38,0,13.8,clear sky
448,Lere,NG,10.387,8.5726,72.64,48,76,2.75,broken clouds
449,Songea,TZ,-10.6833,35.65,64.6,55,39,4.74,scattered clouds
450,Kalevala,RU,65.2,31.1667,29.34,89,100,4.63,overcast clouds
451,Shache,CN,38.4167,77.2406,54.72,25,80,3.49,broken clouds
452,Outlook,CA,51.5001,-107.0513,28.96,93,82,3.51,broken clouds
453,Srednekolymsk,RU,67.45,153.6833,10.92,94,100,10.65,overcast clouds
454,Hammerfest,NO,70.6634,23.6821,30.65,80,0,0.0,clear sky
455,Chapais,CA,49.7834,-74.8492,58.87,87,96,11.74,overcast clouds
456,Ambon,ID,-3.6954,128.1814,82.54,83,20,4.61,few clouds
457,Provins,FR,48.5833,3.1667,58.96,77,100,7.52,overcast clouds
458,Sao Jose De Ribamar,BR,-2.5619,-44.0542,82.78,82,71,13.31,broken clouds
459,Zarand,IR,30.8127,56.564,61.25,23,5,4.79,clear sky
460,Usinsk,RU,65.9939,57.5281,22.75,94,89,8.05,overcast clouds
461,Usolye-Sibirskoye,RU,52.7519,103.6453,25.02,69,2,4.54,clear sky
462,Shubarshi,KZ,48.5872,57.1869,41.18,75,100,19.37,overcast clouds
463,Harriston,CA,43.9001,-80.883,61.72,67,99,11.81,overcast clouds
464,Leningradskiy,RU,69.3833,178.4167,3.63,87,51,4.92,broken clouds
465,Mutsu,JP,41.2894,141.2169,50.9,57,15,3.53,few clouds
466,Lubango,AO,-14.9172,13.4925,62.08,85,61,3.89,light rain
467,Umtata,ZA,-31.5889,28.7844,57.24,86,100,3.27,overcast clouds
468,Clyde River,CA,70.4692,-68.5914,-0.53,87,36,4.21,scattered clouds
469,Kamareddi,IN,18.3167,78.35,63.32,74,0,1.61,clear sky
470,Camana,PE,-16.6228,-72.7111,63.05,79,45,7.4,scattered clouds
471,Necochea,AR,-38.5473,-58.7368,58.26,91,100,10.89,light rain
472,Dalvik,IS,65.9702,-18.5286,37.11,91,100,5.84,overcast clouds
473,Starkville,US,33.4504,-88.8184,67.87,56,0,9.22,clear sky
474,Arkansas City,US,37.062,-97.0384,63.63,31,0,11.5,clear sky
475,Padang,ID,-0.9492,100.3543,75.87,91,100,3.6,moderate rain
476,Yulara,AU,-25.2406,130.9889,72.82,35,0,11.21,clear sky
477,Karratha,AU,-20.7377,116.8463,77.56,24,0,11.23,clear sky
478,Carauari,BR,-4.8828,-66.8958,77.41,88,96,2.06,overcast clouds
479,Lancaster,US,40.2504,-76.2499,64.33,90,100,3.44,overcast clouds
480,Yunyang,CN,33.4474,112.7142,54.55,89,100,4.41,overcast clouds
481,Tavda,RU,58.0425,65.2726,26.38,89,13,3.53,few clouds
482,Port Lincoln,AU,-34.7333,135.8667,58.39,80,89,12.59,overcast clouds
483,Siavonga,ZM,-16.5382,28.7088,82.63,41,33,4.79,scattered clouds
484,Quatre Cocos,MU,-20.2078,57.7625,72.09,79,20,12.3,light rain
485,Verkhnyaya Maksakovka,RU,61.635,50.9674,30.22,93,100,4.47,overcast clouds
486,Ondjiva,AO,-17.0667,15.7333,73.58,58,82,8.16,broken clouds
487,Ocos,GT,14.5094,-92.1933,86.18,75,28,7.29,scattered clouds
488,Kodinsk,RU,58.6881,99.1844,27.95,75,55,5.66,broken clouds
489,Touros,BR,-5.1989,-35.4608,78.01,77,47,14.43,scattered clouds
490,Macas,EC,-2.3167,-78.1167,74.95,83,75,2.3,broken clouds
491,Mackenzie,CA,55.2999,-123.1698,37.62,81,100,9.22,light rain
492,Vardo,NO,70.3705,31.1107,30.18,86,100,16.11,overcast clouds
493,Sao Felix Do Xingu,BR,-6.6447,-51.995,73.11,97,100,2.77,overcast clouds
494,Dondo,MZ,-19.6094,34.7431,72.32,93,14,1.81,few clouds
495,Alice Springs,AU,-23.7,133.8833,78.35,41,2,10.36,clear sky
496,Cabildo,AR,-38.4842,-61.8954,61.25,89,91,15.05,moderate rain
497,Marsala,IT,37.7966,12.4352,73.94,55,96,4.34,overcast clouds
498,Mahajanga,MG,-15.7167,46.3167,78.82,89,40,2.3,scattered clouds
499,Birjand,IR,32.8663,59.2211,58.24,41,13,4.43,few clouds
500,Paris,FR,48.8534,2.3488,61.11,91,75,5.75,broken clouds
501,Suntar,RU,62.1444,117.6319,26.67,89,67,7.94,broken clouds
502,Biltine,TD,14.5333,20.9167,75.18,15,0,9.57,clear sky
503,Muros,ES,42.7762,-9.0603,67.08,78,26,19.64,scattered clouds
504,Rabo De Peixe,PT,37.8,-25.5833,63.91,90,40,12.66,scattered clouds
505,The Valley,AI,18.217,-63.0578,82.81,83,20,16.11,few clouds
506,Raikot,IN,30.65,75.6,68.77,41,0,2.42,clear sky
507,Magadan,RU,59.5667,150.8,25.54,86,52,10.45,broken clouds
508,Dobrinka,RU,52.1653,40.4731,34.97,75,67,6.96,broken clouds
509,Havoysund,NO,70.9963,24.6622,34.03,65,100,5.5,overcast clouds
510,Santo Antonio Do Ica,BR,-3.1022,-67.9397,76.12,96,100,1.61,overcast clouds
511,Ajdabiya,LY,30.7554,20.2263,68.59,83,0,9.17,clear sky
512,Makakilo City,US,21.3469,-158.0858,86.32,62,40,19.57,scattered clouds
513,Fayaoue,NC,-20.65,166.5333,75.34,81,70,13.69,broken clouds
514,Comodoro Rivadavia,AR,-45.8667,-67.5,57.06,47,40,10.36,scattered clouds
515,Kshenskiy,RU,51.8408,37.7136,44.22,88,100,9.84,light rain
516,Khingansk,RU,49.1167,131.1833,31.6,67,100,4.32,overcast clouds
517,Robertsport,LR,6.7533,-11.3686,79.66,85,38,5.91,scattered clouds
518,Pevek,RU,69.7008,170.3133,0.32,92,15,5.12,few clouds
519,Kungurtug,RU,50.5994,97.5228,18.1,44,0,2.1,clear sky
520,Port Keats,AU,-14.25,129.55,87.37,64,39,7.81,scattered clouds
521,Arlit,NE,18.7369,7.3853,78.42,13,0,13.06,clear sky
522,Zhezkazgan,KZ,47.8043,67.7144,39.18,59,100,8.55,overcast clouds
523,Nizhniy Odes,RU,63.6445,54.856,25.29,96,96,4.36,overcast clouds
524,Agirish,RU,61.9247,63.0231,24.55,89,29,4.05,scattered clouds
525,Hope,US,33.6671,-93.5916,64.45,41,47,9.26,scattered clouds
526,Havre-Saint-Pierre,CA,50.2334,-63.5986,48.56,100,100,0.0,fog
527,Zeya,RU,53.75,127.2667,26.51,65,27,5.57,scattered clouds
528,Ascension,US,30.2169,-90.9001,75.2,52,0,9.22,clear sky
529,Guanica,PR,17.9716,-66.908,80.19,86,100,2.3,overcast clouds
530,Xiongyue,CN,40.1774,122.1228,53.67,89,23,12.73,few clouds
531,Ust-Kishert,RU,57.3654,57.2495,29.73,95,40,7.67,scattered clouds
532,Singleton,AU,-32.5667,151.1833,75.92,64,29,12.41,scattered clouds
533,Dwarahat,IN,29.7833,79.4333,49.89,66,0,3.83,clear sky
534,Noumea,NC,-22.2763,166.4572,84.18,80,95,13.62,overcast clouds
535,Weligama,LK,5.9667,80.4167,75.9,88,100,3.04,overcast clouds
536,Kapuskasing,CA,49.4169,-82.4331,60.89,72,75,6.91,broken clouds
537,Guajara,BR,-2.9667,-57.6667,79.99,78,100,3.56,overcast clouds
538,Swellendam,ZA,-34.0226,20.4417,60.31,85,94,8.23,overcast clouds
539,Konstantinovka,RU,49.6167,127.9833,35.98,91,100,11.95,overcast clouds
540,Launceston,AU,-41.45,147.1667,62.62,80,100,29.93,overcast clouds
541,Truth Or Consequences,US,33.1284,-107.2528,65.91,21,0,0.0,clear sky
542,Cam Ranh,VN,11.9214,109.1591,76.96,88,20,2.3,few clouds
543,Warrington,GB,53.3925,-2.5802,58.44,88,75,10.36,light rain
544,Burns Lake,CA,54.2331,-125.7533,40.87,54,100,3.4,overcast clouds
545,Mildura,AU,-34.2,142.15,59.07,88,75,8.05,broken clouds
546,Hailar,CN,49.2,119.7,30.88,69,100,13.65,overcast clouds
547,Jingdezhen,CN,29.2947,117.2079,63.16,51,100,3.8,overcast clouds
548,Maldonado,UY,-34.6667,-54.9167,65.23,87,23,9.6,few clouds
549,Qaqortoq,GL,60.7167,-46.0333,28.09,71,0,6.71,clear sky
550,Tshikapa,CD,-6.4167,20.8,69.84,96,100,1.63,light rain
551,Ubinskoye,RU,55.3068,79.6802,30.49,57,85,9.06,overcast clouds
552,Kalabo,ZM,-14.97,22.6814,77.47,39,64,5.17,broken clouds
553,Lewiston,US,44.1003,-70.2148,65.05,96,100,1.01,haze
554,Tuatapere,NZ,-46.1333,167.6833,52.83,83,100,3.15,light rain
555,Vostok,RU,46.4856,135.8833,34.38,44,8,3.67,clear sky
556,Santa Marta,CO,11.2408,-74.199,79.9,83,100,5.01,overcast clouds
557,Mao,ES,39.8885,4.2658,70.36,88,0,6.91,clear sky
558,Christchurch,NZ,-43.5333,172.6333,65.48,63,86,6.91,overcast clouds
559,Takoradi,GH,4.8845,-1.7554,77.86,86,75,5.41,broken clouds
560,Iquitos,PE,-3.7481,-73.2472,81.93,72,100,2.24,moderate rain
561,Belmonte,BR,-15.8631,-38.8828,74.98,83,100,5.95,overcast clouds
562,Kirakira,SB,-10.4544,161.9205,85.55,69,4,4.63,clear sky
563,Chabahar,IR,25.2919,60.643,82.13,58,0,9.35,clear sky
564,Phan Thiet,VN,10.9333,108.1,76.33,88,100,4.43,overcast clouds
565,Yumen,CN,40.2833,97.2,38.91,49,0,8.25,clear sky
566,Beloha,MG,-25.1667,45.05,70.38,86,96,4.52,overcast clouds
567,Cacoal,BR,-11.4386,-61.4472,74.16,95,100,6.33,overcast clouds
568,Huaihua,CN,27.5494,109.9592,59.13,63,60,2.93,broken clouds
569,Coahuayana,MX,18.7333,-103.6833,82.33,79,77,4.63,broken clouds
570,Cervo,ES,43.6702,-7.4101,65.97,71,61,7.29,broken clouds
571,Terney,RU,45.0503,136.6092,42.55,43,7,3.24,clear sky
572,Ambulu,ID,-8.345,113.6058,77.02,85,98,1.74,overcast clouds
573,Belyy Yar,RU,53.6039,91.3903,13.89,85,0,0.0,clear sky
574,Tokur,RU,53.1333,132.9,27.12,95,100,2.75,light snow
575,Okha,RU,53.5739,142.9478,35.96,71,51,6.29,broken clouds
576,Tucumcari,US,35.1717,-103.725,65.95,22,0,6.33,clear sky
577,Ilhabela,BR,-23.7781,-45.3581,69.64,84,67,6.35,broken clouds
578,Mbuyapey,PY,-26.2,-56.75,72.97,76,0,4.32,clear sky
579,Harrison,US,30.4091,-89.0436,74.05,73,0,10.36,clear sky
580,College,US,64.8569,-147.8028,24.75,76,40,14.97,scattered clouds
581,Odweyne,SO,9.4092,45.064,71.67,77,44,2.48,scattered clouds
582,Mahebourg,MU,-20.4081,57.7,72.25,80,5,12.68,light rain
583,Bam,IR,29.106,58.357,72.84,15,0,6.4,clear sky
584,Prince Rupert,CA,54.3161,-130.3201,44.69,100,100,2.3,overcast clouds
585,Graaff-Reinet,ZA,-32.2522,24.5308,55.92,86,100,5.37,overcast clouds
586,Corrales,US,35.2378,-106.6067,64.02,29,0,8.01,clear sky
587,Misrikh,IN,27.45,80.5167,66.43,55,0,1.43,clear sky
588,Imbituba,BR,-28.24,-48.6703,63.9,86,17,7.85,few clouds
589,Karauli,IN,26.5,77.0167,70.36,41,0,5.32,clear sky
590,Wanning,CN,18.8003,110.3967,75.96,91,95,11.01,overcast clouds
591,Basoko,CD,1.2391,23.616,71.64,96,100,2.59,overcast clouds
592,Behshahr,IR,36.6923,53.5526,59.86,84,1,5.59,clear sky
593,Shitkino,RU,56.3703,98.3543,28.89,60,17,3.83,few clouds
594,Bemidji,US,47.4736,-94.8803,39.06,87,100,8.05,overcast clouds
595,Marsa Matruh,EG,31.3525,27.2453,69.42,66,0,5.59,clear sky
596,Muravlenko,RU,63.7898,74.523,23.63,93,99,21.59,overcast clouds
597,Port Augusta,AU,-32.5,137.7667,61.07,79,76,5.73,broken clouds
598,Jiujiang,CN,29.7333,115.9833,66.43,49,100,9.78,overcast clouds
599,Najran,SA,17.4924,44.1277,65.12,25,4,0.69,clear sky
600,Kismayo,SO,-0.3582,42.5454,77.45,86,59,11.9,broken clouds
601,Mandalgovi,MN,45.7625,106.2708,20.17,66,1,4.09,clear sky
602,Rieti,IT,42.4072,12.8592,59.61,60,39,3.76,scattered clouds
603,Mega,ET,4.05,38.3,60.64,79,40,5.77,scattered clouds
604,Baghdad,IQ,33.3406,44.4009,66.11,39,0,4.61,clear sky
605,Praya,CV,14.9215,-23.5087,77.54,78,20,14.97,few clouds
606,Nakapiripirit,UG,1.9167,34.7833,72.66,49,57,8.57,broken clouds
607,Auburn,US,47.3073,-122.2284,51.66,88,100,14.97,light rain
608,Idritsa,RU,56.3316,28.8988,48.81,97,100,5.91,overcast clouds
609,Vila Velha,BR,-20.3297,-40.2925,69.94,96,100,4.61,overcast clouds
610,Kandrian,PG,-6.2167,149.55,85.68,65,81,1.66,broken clouds
611,Deputatskiy,RU,69.3,139.9,11.71,87,100,10.56,overcast clouds
612,Yermish,RU,54.7678,42.2711,34.05,83,29,3.98,scattered clouds
613,Majene,ID,-3.5403,118.9707,79.65,83,90,2.28,overcast clouds
614,Siuri,IN,23.9167,87.5333,69.42,70,0,1.74,clear sky
615,Russellville,US,35.2784,-93.1338,55.98,63,20,10.36,few clouds
616,Novochernorechenskiy,RU,56.2669,91.0828,28.49,63,9,4.12,clear sky
617,Baoshan,CN,46.5586,131.4244,39.49,55,72,7.27,broken clouds
618,Sidmouth,GB,50.6909,-3.2397,61.02,93,75,20.71,broken clouds
619,Viytivka,UA,48.426,29.5429,53.76,89,97,12.53,overcast clouds
620,Manokwari,ID,-0.8667,134.0833,81.14,79,100,4.97,overcast clouds
621,Mackay,AU,-21.15,149.2,89.69,58,44,2.82,scattered clouds
622,Brae,GB,60.3964,-1.353,52.0,87,100,7.94,overcast clouds
623,Novoagansk,RU,61.9449,76.6625,29.64,91,95,20.62,light snow
624,Neuquen,AR,-38.9516,-68.0591,75.09,19,0,3.44,light rain
625,Fairhaven,US,41.6376,-70.9036,68.22,86,100,7.0,mist
626,Carutapera,BR,-1.195,-46.02,79.74,76,80,10.02,broken clouds
627,Bambanglipuro,ID,-7.95,110.2833,77.2,83,100,6.71,light rain
628,Weymouth,US,42.2209,-70.9398,65.1,93,100,6.91,fog
629,General Roca,AR,-39.0333,-67.5833,71.62,28,86,5.59,overcast clouds
630,Baiyin,CN,36.5583,104.2081,51.66,70,100,2.71,overcast clouds
631,Liku,ID,-0.7275,119.8922,76.95,88,89,1.72,overcast clouds
632,Mitu,CO,1.1983,-70.1733,77.38,80,80,1.36,broken clouds
633,Tilichiki,RU,60.4667,166.1,30.9,80,84,19.01,broken clouds
634,Chamba,IN,32.5667,76.1333,59.43,43,0,8.46,clear sky
635,Manzanillo,CU,20.3433,-77.1167,79.07,70,12,5.28,few clouds
636,Nemuro,JP,43.3236,145.575,46.74,53,11,4.83,few clouds
637,Pandaria,IN,22.2333,81.4167,62.35,64,0,3.65,clear sky
638,Kerema,PG,-7.9631,145.7785,83.84,73,55,3.18,broken clouds
639,Haapiti,PF,-17.5667,-149.8667,82.13,80,100,23.87,light rain
640,Kadaya,RU,50.9327,119.2911,23.13,75,46,5.12,scattered clouds
641,Shaowu,CN,27.3409,117.4831,56.57,72,56,3.13,broken clouds
642,Charters Towers,AU,-20.1,146.2667,87.85,46,34,7.05,scattered clouds
643,Filingue,NE,14.3521,3.3168,87.3,21,5,10.94,clear sky
644,Zlobin,HR,45.2924,14.6541,53.58,94,20,0.0,few clouds
645,Dhidhdhoo,MV,6.8833,73.1,80.35,78,63,4.21,broken clouds
646,Manadhoo,MV,5.7667,73.3833,80.29,81,96,6.69,overcast clouds
647,Sao Desiderio,BR,-12.3633,-44.9733,72.86,89,100,2.71,overcast clouds
648,Lima,PE,-12.0432,-77.0282,62.91,79,75,8.05,broken clouds
649,Halifax,CA,44.6453,-63.5724,65.7,97,99,1.99,overcast clouds
650,Radcliff,US,37.8404,-85.9491,65.68,90,20,12.66,heavy intensity rain
651,Lata,PT,40.1629,-8.3327,63.07,91,1,4.41,clear sky
652,Zaysan,KZ,47.4667,84.8667,36.32,50,54,1.86,broken clouds
653,Derbent,RU,42.0678,48.2899,56.28,68,81,2.53,broken clouds
654,Zlocieniec,PL,53.5329,16.0113,48.69,95,1,6.17,clear sky
655,Sobolevo,RU,54.4299,31.8996,44.62,91,100,8.61,overcast clouds
656,Dobrokoz,HU,46.4218,18.2395,52.61,85,10,2.53,clear sky
657,Hailey,US,43.5196,-114.3153,44.91,53,0,8.99,clear sky
658,Mirnyy,RU,62.5353,113.9611,26.24,86,100,11.01,overcast clouds
659,Carmarthen,GB,51.8555,-4.3054,59.68,94,100,19.57,overcast clouds
660,Ardatov,RU,55.2421,43.097,33.67,77,10,0.47,clear sky
661,Mwense,ZM,-10.3845,28.698,71.67,67,100,1.34,overcast clouds
662,Jinxiang,CN,27.4327,120.6062,62.46,70,93,6.78,overcast clouds
663,Marigot,MF,18.0667,-63.0833,82.74,83,20,16.11,few clouds
664,Phuket,TH,8.0,98.25,85.12,89,20,2.3,few clouds
665,Tafo,GH,6.7345,-1.6127,71.62,96,58,2.19,light rain
666,Yongchang,CN,30.0381,119.7317,61.57,78,98,1.5,overcast clouds
667,Podzvizd,BA,45.1742,15.8736,51.8,96,16,1.5,few clouds
668,Okoneshnikovo,RU,54.8377,75.0834,30.02,78,100,6.13,overcast clouds
669,Pak Phanang,TH,8.3511,100.202,79.63,82,100,5.5,overcast clouds
670,Nishihara,JP,26.1842,127.7558,72.68,59,75,13.8,broken clouds
671,Puerto Leguizamo,CO,-0.1934,-74.7819,77.59,88,100,3.09,overcast clouds
672,Monterey,US,36.2505,-121.2516,71.19,31,33,14.65,scattered clouds
673,Nguruka,TZ,-5.1092,31.0419,77.79,39,100,4.65,overcast clouds
674,Cap Malheureux,MU,-19.9842,57.6142,72.46,72,42,4.0,scattered clouds
675,Luzhou,CN,28.8724,105.4405,62.08,92,100,2.17,overcast clouds
676,Selfoss,IS,63.9331,-20.9971,44.04,66,100,17.78,overcast clouds
677,Sisimiut,GL,66.9395,-53.6735,24.42,84,92,7.61,overcast clouds
678,Mananara,MG,-16.1667,49.7667,70.16,90,25,3.04,light rain
679,Tabat,ID,-2.635,115.2274,74.75,98,100,1.86,overcast clouds
680,Burnie,AU,-41.0667,145.9167,59.94,77,100,8.5,light rain
681,Jijiga,ET,9.35,42.8,64.33,83,93,3.87,overcast clouds
682,Khandyga,RU,62.6667,135.6,20.95,93,100,9.35,light snow
683,Mogzon,RU,51.7435,111.9606,17.29,79,3,4.76,clear sky
684,San Quintin,MX,30.4833,-115.95,70.34,32,0,11.12,clear sky
685,Atar,MR,20.5169,-13.0499,87.94,12,99,4.9,overcast clouds
686,Khani,GE,41.9563,42.9566,42.37,76,100,4.99,overcast clouds
687,Lubao,PH,14.9167,120.55,80.31,85,89,4.99,overcast clouds
688,Yarada,IN,17.65,83.2667,73.72,100,40,2.3,mist
689,Berbera,SO,10.4396,45.0143,82.56,63,17,6.62,few clouds
690,Bukama,CD,-9.2,25.85,72.86,68,72,2.59,broken clouds
691,Dunedin,NZ,-45.8742,170.5036,58.8,63,100,3.2,overcast clouds
692,Whitehorse,CA,60.7161,-135.0538,27.97,54,21,3.6,few clouds
693,Mafinga,TZ,-7.25,35.0667,74.28,43,86,2.89,overcast clouds
694,Emilio Carranza,MX,19.9711,-96.6114,74.26,92,90,19.93,light rain
